a,a,a
v,a,a
x,x,x
DDD,DDD,DDD
s,s,s
xs,x,x
3,3,3
d,d,d
ff,ff,ff
cc,cc,cc
fff,fff,fff,mentee
ccc,ccc,ccc,mentee
sss,sss,sss,mentee
xsx,xsx,xsx,mentor
rrr,rrr,rrr,mentor
vvv,vvv,vvv,mentor
fe,fe,fe,mentee
hh,hh,hh,organization
oo,oo,oo,mentee
ooo,ooo,ooo,organization
,hh,,mentee
n,hh,n,mentee
nb,hh,nbb,mentee
fawwaz,123,fawwaz@gmail.com,mentee
2,2,2,organization
sssd,sss,sss,mentee
aa,aa,aa,mentor
ss,ss,ss,mentee
ssd,ss,ss,organization
ee,ee,ee,organization
cccc,ccc,ccc,mentor
ccccc,ccc,ccc,mentor
zzz,zzz,zzz,mentor
ddd,ddd,ddd,mentor
df,df,df,mentor
xz,xz,xz,mentor
sas,sas,sas,mentor
xx,ss,ss,organization
sd,sd,sd,organization
mm,mm,mm,mentee
bob,bob,bob,mentee
